NTM_Zone,NTM_Purpose,NTM_HH,NTM_Person,loFlow,Income_Prop
1,1,1,2,1,0.429215581
1,1,2,2,2,0.547381366
1,1,3,2,3,0.321438054
1,1,4,2,4,0.420518749
1,1,5,2,5,0.507441711
1,1,1,2,6,0.313292025
1,1,2,2,7,0.343431638
1,1,3,2,8,0.390997769
1,1,4,2,9,0.377969332
1,1,5,2,10,0.356084673
1,1,1,2,11,0.257492394
1,1,2,2,12,0.109186996
1,1,3,2,13,0.287564177
1,1,4,2,14,0.201511919
1,1,5,2,15,0.136473616
1,1,1,1,16,1
1,1,2,1,17,1
1,1,3,1,18,1
1,1,4,1,19,1
1,1,5,1,20,1
1,1,1,3,16,1
1,1,2,3,17,1
1,1,3,3,18,1
1,1,4,3,19,1
1,1,5,3,20,1
1,1,1,4,16,1
1,1,2,4,17,1
1,1,3,4,18,1
1,1,4,4,19,1
1,1,5,4,20,1
1,2,1,2,21,0.630136726
1,2,2,2,22,0.591289737
1,2,3,2,23,0.507597786
1,2,4,2,24,0.500245293
1,2,5,2,25,0.625275815
1,2,1,2,26,0.074152211
1,2,2,2,27,0.243948029
1,2,3,2,28,0.266330098
1,2,4,2,29,0.305823966
1,2,5,2,30,0.255991977
1,2,1,2,31,0.295711063
1,2,2,2,32,0.164762234
1,2,3,2,33,0.226072115
1,2,4,2,34,0.193930741
1,2,5,2,35,0.118732208
1,2,1,1,36,1
1,2,2,1,37,1
1,2,3,1,38,1
1,2,4,1,39,1
1,2,5,1,40,1
1,2,1,3,36,1
1,2,2,3,37,1
1,2,3,3,38,1
1,2,4,3,39,1
1,2,5,3,40,1
1,2,1,4,36,1
1,2,2,4,37,1
1,2,3,4,38,1
1,2,4,4,39,1
1,2,5,4,40,1
1,3,1,1,41,1
1,3,2,1,42,1
1,3,3,1,43,1
1,3,4,1,44,1
1,3,5,1,45,1
1,3,1,2,46,1
1,3,2,2,47,1
1,3,3,2,48,1
1,3,4,2,49,1
1,3,5,2,50,1
1,3,1,3,51,1
1,3,2,3,52,1
1,3,3,3,53,1
1,3,4,3,54,1
1,3,5,3,55,1
1,3,1,4,56,1
1,3,2,4,57,1
1,3,3,4,58,1
1,3,4,4,59,1
1,3,5,4,60,1
1,4,1,1,61,1
1,4,2,1,62,1
1,4,3,1,63,1
1,4,4,1,64,1
1,4,5,1,65,1
1,4,1,2,66,1
1,4,2,2,67,1
1,4,3,2,68,1
1,4,4,2,69,1
1,4,5,2,70,1
1,4,1,3,71,1
1,4,2,3,72,1
1,4,3,3,73,1
1,4,4,3,74,1
1,4,5,3,75,1
1,4,1,4,76,1
1,4,2,4,77,1
1,4,3,4,78,1
1,4,4,4,79,1
1,4,5,4,80,1
1,5,1,1,81,1
1,5,2,1,82,1
1,5,3,1,83,1
1,5,4,1,84,1
1,5,5,1,85,1
1,5,1,2,86,1
1,5,2,2,87,1
1,5,3,2,88,1
1,5,4,2,89,1
1,5,5,2,90,1
1,5,1,3,91,1
1,5,2,3,92,1
1,5,3,3,93,1
1,5,4,3,94,1
1,5,5,3,95,1
1,5,1,4,96,1
1,5,2,4,97,1
1,5,3,4,98,1
1,5,4,4,99,1
1,5,5,4,100,1
1,6,0,0,101,1
1,7,0,0,102,0.644131139
1,7,0,0,103,0.189146485
1,7,0,0,104,0.166722376
1,8,0,0,105,1
2,1,1,2,1,0.429215581
2,1,2,2,2,0.547381366
2,1,3,2,3,0.321438054
2,1,4,2,4,0.420518749
2,1,5,2,5,0.507441711
2,1,1,2,6,0.313292025
2,1,2,2,7,0.343431638
2,1,3,2,8,0.390997769
2,1,4,2,9,0.377969332
2,1,5,2,10,0.356084673
2,1,1,2,11,0.257492394
2,1,2,2,12,0.109186996
2,1,3,2,13,0.287564177
2,1,4,2,14,0.201511919
2,1,5,2,15,0.136473616
2,1,1,1,16,1
2,1,2,1,17,1
2,1,3,1,18,1
2,1,4,1,19,1
2,1,5,1,20,1
2,1,1,3,16,1
2,1,2,3,17,1
2,1,3,3,18,1
2,1,4,3,19,1
2,1,5,3,20,1
2,1,1,4,16,1
2,1,2,4,17,1
2,1,3,4,18,1
2,1,4,4,19,1
2,1,5,4,20,1
2,2,1,2,21,0.630136726
2,2,2,2,22,0.591289737
2,2,3,2,23,0.507597786
2,2,4,2,24,0.500245293
2,2,5,2,25,0.625275815
2,2,1,2,26,0.074152211
2,2,2,2,27,0.243948029
2,2,3,2,28,0.266330098
2,2,4,2,29,0.305823966
2,2,5,2,30,0.255991977
2,2,1,2,31,0.295711063
2,2,2,2,32,0.164762234
2,2,3,2,33,0.226072115
2,2,4,2,34,0.193930741
2,2,5,2,35,0.118732208
2,2,1,1,36,1
2,2,2,1,37,1
2,2,3,1,38,1
2,2,4,1,39,1
2,2,5,1,40,1
2,2,1,3,36,1
2,2,2,3,37,1
2,2,3,3,38,1
2,2,4,3,39,1
2,2,5,3,40,1
2,2,1,4,36,1
2,2,2,4,37,1
2,2,3,4,38,1
2,2,4,4,39,1
2,2,5,4,40,1
2,3,1,1,41,1
2,3,2,1,42,1
2,3,3,1,43,1
2,3,4,1,44,1
2,3,5,1,45,1
2,3,1,2,46,1
2,3,2,2,47,1
2,3,3,2,48,1
2,3,4,2,49,1
2,3,5,2,50,1
2,3,1,3,51,1
2,3,2,3,52,1
2,3,3,3,53,1
2,3,4,3,54,1
2,3,5,3,55,1
2,3,1,4,56,1
2,3,2,4,57,1
2,3,3,4,58,1
2,3,4,4,59,1
2,3,5,4,60,1
2,4,1,1,61,1
2,4,2,1,62,1
2,4,3,1,63,1
2,4,4,1,64,1
2,4,5,1,65,1
2,4,1,2,66,1
2,4,2,2,67,1
2,4,3,2,68,1
2,4,4,2,69,1
2,4,5,2,70,1
2,4,1,3,71,1
2,4,2,3,72,1
2,4,3,3,73,1
2,4,4,3,74,1
2,4,5,3,75,1
2,4,1,4,76,1
2,4,2,4,77,1
2,4,3,4,78,1
2,4,4,4,79,1
2,4,5,4,80,1
2,5,1,1,81,1
2,5,2,1,82,1
2,5,3,1,83,1
2,5,4,1,84,1
2,5,5,1,85,1
2,5,1,2,86,1
2,5,2,2,87,1
2,5,3,2,88,1
2,5,4,2,89,1
2,5,5,2,90,1
2,5,1,3,91,1
2,5,2,3,92,1
2,5,3,3,93,1
2,5,4,3,94,1
2,5,5,3,95,1
2,5,1,4,96,1
2,5,2,4,97,1
2,5,3,4,98,1
2,5,4,4,99,1
2,5,5,4,100,1
2,6,0,0,101,1
2,7,0,0,102,0.644131139
2,7,0,0,103,0.189146485
2,7,0,0,104,0.166722376
2,8,0,0,105,1
3,1,1,2,1,0.429215581
3,1,2,2,2,0.547381366
3,1,3,2,3,0.321438054
3,1,4,2,4,0.420518749
3,1,5,2,5,0.507441711
3,1,1,2,6,0.313292025
3,1,2,2,7,0.343431638
3,1,3,2,8,0.390997769
3,1,4,2,9,0.377969332
3,1,5,2,10,0.356084673
3,1,1,2,11,0.257492394
3,1,2,2,12,0.109186996
3,1,3,2,13,0.287564177
3,1,4,2,14,0.201511919
3,1,5,2,15,0.136473616
3,1,1,1,16,1
3,1,2,1,17,1
3,1,3,1,18,1
3,1,4,1,19,1
3,1,5,1,20,1
3,1,1,3,16,1
3,1,2,3,17,1
3,1,3,3,18,1
3,1,4,3,19,1
3,1,5,3,20,1
3,1,1,4,16,1
3,1,2,4,17,1
3,1,3,4,18,1
3,1,4,4,19,1
3,1,5,4,20,1
3,2,1,2,21,0.630136726
3,2,2,2,22,0.591289737
3,2,3,2,23,0.507597786
3,2,4,2,24,0.500245293
3,2,5,2,25,0.625275815
3,2,1,2,26,0.074152211
3,2,2,2,27,0.243948029
3,2,3,2,28,0.266330098
3,2,4,2,29,0.305823966
3,2,5,2,30,0.255991977
3,2,1,2,31,0.295711063
3,2,2,2,32,0.164762234
3,2,3,2,33,0.226072115
3,2,4,2,34,0.193930741
3,2,5,2,35,0.118732208
3,2,1,1,36,1
3,2,2,1,37,1
3,2,3,1,38,1
3,2,4,1,39,1
3,2,5,1,40,1
3,2,1,3,36,1
3,2,2,3,37,1
3,2,3,3,38,1
3,2,4,3,39,1
3,2,5,3,40,1
3,2,1,4,36,1
3,2,2,4,37,1
3,2,3,4,38,1
3,2,4,4,39,1
3,2,5,4,40,1
3,3,1,1,41,1
3,3,2,1,42,1
3,3,3,1,43,1
3,3,4,1,44,1
3,3,5,1,45,1
3,3,1,2,46,1
3,3,2,2,47,1
3,3,3,2,48,1
3,3,4,2,49,1
3,3,5,2,50,1
3,3,1,3,51,1
3,3,2,3,52,1
3,3,3,3,53,1
3,3,4,3,54,1
3,3,5,3,55,1
3,3,1,4,56,1
3,3,2,4,57,1
3,3,3,4,58,1
3,3,4,4,59,1
3,3,5,4,60,1
3,4,1,1,61,1
3,4,2,1,62,1
3,4,3,1,63,1
3,4,4,1,64,1
3,4,5,1,65,1
3,4,1,2,66,1
3,4,2,2,67,1
3,4,3,2,68,1
3,4,4,2,69,1
3,4,5,2,70,1
3,4,1,3,71,1
3,4,2,3,72,1
3,4,3,3,73,1
3,4,4,3,74,1
3,4,5,3,75,1
3,4,1,4,76,1
3,4,2,4,77,1
3,4,3,4,78,1
3,4,4,4,79,1
3,4,5,4,80,1
3,5,1,1,81,1
3,5,2,1,82,1
3,5,3,1,83,1
3,5,4,1,84,1
3,5,5,1,85,1
3,5,1,2,86,1
3,5,2,2,87,1
3,5,3,2,88,1
3,5,4,2,89,1
3,5,5,2,90,1
3,5,1,3,91,1
3,5,2,3,92,1
3,5,3,3,93,1
3,5,4,3,94,1
3,5,5,3,95,1
3,5,1,4,96,1
3,5,2,4,97,1
3,5,3,4,98,1
3,5,4,4,99,1
3,5,5,4,100,1
3,6,0,0,101,1
3,7,0,0,102,0.644131139
3,7,0,0,103,0.189146485
3,7,0,0,104,0.166722376
3,8,0,0,105,1
4,1,1,2,1,0.429215581
4,1,2,2,2,0.547381366
4,1,3,2,3,0.321438054
4,1,4,2,4,0.420518749
4,1,5,2,5,0.507441711
4,1,1,2,6,0.313292025
4,1,2,2,7,0.343431638
4,1,3,2,8,0.390997769
4,1,4,2,9,0.377969332
4,1,5,2,10,0.356084673
4,1,1,2,11,0.257492394
4,1,2,2,12,0.109186996
4,1,3,2,13,0.287564177
4,1,4,2,14,0.201511919
4,1,5,2,15,0.136473616
4,1,1,1,16,1
4,1,2,1,17,1
4,1,3,1,18,1
4,1,4,1,19,1
4,1,5,1,20,1
4,1,1,3,16,1
4,1,2,3,17,1
4,1,3,3,18,1
4,1,4,3,19,1
4,1,5,3,20,1
4,1,1,4,16,1
4,1,2,4,17,1
4,1,3,4,18,1
4,1,4,4,19,1
4,1,5,4,20,1
4,2,1,2,21,0.630136726
4,2,2,2,22,0.591289737
4,2,3,2,23,0.507597786
4,2,4,2,24,0.500245293
4,2,5,2,25,0.625275815
4,2,1,2,26,0.074152211
4,2,2,2,27,0.243948029
4,2,3,2,28,0.266330098
4,2,4,2,29,0.305823966
4,2,5,2,30,0.255991977
4,2,1,2,31,0.295711063
4,2,2,2,32,0.164762234
4,2,3,2,33,0.226072115
4,2,4,2,34,0.193930741
4,2,5,2,35,0.118732208
4,2,1,1,36,1
4,2,2,1,37,1
4,2,3,1,38,1
4,2,4,1,39,1
4,2,5,1,40,1
4,2,1,3,36,1
4,2,2,3,37,1
4,2,3,3,38,1
4,2,4,3,39,1
4,2,5,3,40,1
4,2,1,4,36,1
4,2,2,4,37,1
4,2,3,4,38,1
4,2,4,4,39,1
4,2,5,4,40,1
4,3,1,1,41,1
4,3,2,1,42,1
4,3,3,1,43,1
4,3,4,1,44,1
4,3,5,1,45,1
4,3,1,2,46,1
4,3,2,2,47,1
4,3,3,2,48,1
4,3,4,2,49,1
4,3,5,2,50,1
4,3,1,3,51,1
4,3,2,3,52,1
4,3,3,3,53,1
4,3,4,3,54,1
4,3,5,3,55,1
4,3,1,4,56,1
4,3,2,4,57,1
4,3,3,4,58,1
4,3,4,4,59,1
4,3,5,4,60,1
4,4,1,1,61,1
4,4,2,1,62,1
4,4,3,1,63,1
4,4,4,1,64,1
4,4,5,1,65,1
4,4,1,2,66,1
4,4,2,2,67,1
4,4,3,2,68,1
4,4,4,2,69,1
4,4,5,2,70,1
4,4,1,3,71,1
4,4,2,3,72,1
4,4,3,3,73,1
4,4,4,3,74,1
4,4,5,3,75,1
4,4,1,4,76,1
4,4,2,4,77,1
4,4,3,4,78,1
4,4,4,4,79,1
4,4,5,4,80,1
4,5,1,1,81,1
4,5,2,1,82,1
4,5,3,1,83,1
4,5,4,1,84,1
4,5,5,1,85,1
4,5,1,2,86,1
4,5,2,2,87,1
4,5,3,2,88,1
4,5,4,2,89,1
4,5,5,2,90,1
4,5,1,3,91,1
4,5,2,3,92,1
4,5,3,3,93,1
4,5,4,3,94,1
4,5,5,3,95,1
4,5,1,4,96,1
4,5,2,4,97,1
4,5,3,4,98,1
4,5,4,4,99,1
4,5,5,4,100,1
4,6,0,0,101,1
4,7,0,0,102,0.644131139
4,7,0,0,103,0.189146485
4,7,0,0,104,0.166722376
4,8,0,0,105,1
5,1,1,2,1,0.429215581
5,1,2,2,2,0.547381366
5,1,3,2,3,0.321438054
5,1,4,2,4,0.420518749
5,1,5,2,5,0.507441711
5,1,1,2,6,0.313292025
5,1,2,2,7,0.343431638
5,1,3,2,8,0.390997769
5,1,4,2,9,0.377969332
5,1,5,2,10,0.356084673
5,1,1,2,11,0.257492394
5,1,2,2,12,0.109186996
5,1,3,2,13,0.287564177
5,1,4,2,14,0.201511919
5,1,5,2,15,0.136473616
5,1,1,1,16,1
5,1,2,1,17,1
5,1,3,1,18,1
5,1,4,1,19,1
5,1,5,1,20,1
5,1,1,3,16,1
5,1,2,3,17,1
5,1,3,3,18,1
5,1,4,3,19,1
5,1,5,3,20,1
5,1,1,4,16,1
5,1,2,4,17,1
5,1,3,4,18,1
5,1,4,4,19,1
5,1,5,4,20,1
5,2,1,2,21,0.630136726
5,2,2,2,22,0.591289737
5,2,3,2,23,0.507597786
5,2,4,2,24,0.500245293
5,2,5,2,25,0.625275815
5,2,1,2,26,0.074152211
5,2,2,2,27,0.243948029
5,2,3,2,28,0.266330098
5,2,4,2,29,0.305823966
5,2,5,2,30,0.255991977
5,2,1,2,31,0.295711063
5,2,2,2,32,0.164762234
5,2,3,2,33,0.226072115
5,2,4,2,34,0.193930741
5,2,5,2,35,0.118732208
5,2,1,1,36,1
5,2,2,1,37,1
5,2,3,1,38,1
5,2,4,1,39,1
5,2,5,1,40,1
5,2,1,3,36,1
5,2,2,3,37,1
5,2,3,3,38,1
5,2,4,3,39,1
5,2,5,3,40,1
5,2,1,4,36,1
5,2,2,4,37,1
5,2,3,4,38,1
5,2,4,4,39,1
5,2,5,4,40,1
5,3,1,1,41,1
5,3,2,1,42,1
5,3,3,1,43,1
5,3,4,1,44,1
5,3,5,1,45,1
5,3,1,2,46,1
5,3,2,2,47,1
5,3,3,2,48,1
5,3,4,2,49,1
5,3,5,2,50,1
5,3,1,3,51,1
5,3,2,3,52,1
5,3,3,3,53,1
5,3,4,3,54,1
5,3,5,3,55,1
5,3,1,4,56,1
5,3,2,4,57,1
5,3,3,4,58,1
5,3,4,4,59,1
5,3,5,4,60,1
5,4,1,1,61,1
5,4,2,1,62,1
5,4,3,1,63,1
5,4,4,1,64,1
5,4,5,1,65,1
5,4,1,2,66,1
5,4,2,2,67,1
5,4,3,2,68,1
5,4,4,2,69,1
5,4,5,2,70,1
5,4,1,3,71,1
5,4,2,3,72,1
5,4,3,3,73,1
5,4,4,3,74,1
5,4,5,3,75,1
5,4,1,4,76,1
5,4,2,4,77,1
5,4,3,4,78,1
5,4,4,4,79,1
5,4,5,4,80,1
5,5,1,1,81,1
5,5,2,1,82,1
5,5,3,1,83,1
5,5,4,1,84,1
5,5,5,1,85,1
5,5,1,2,86,1
5,5,2,2,87,1
5,5,3,2,88,1
5,5,4,2,89,1
5,5,5,2,90,1
5,5,1,3,91,1
5,5,2,3,92,1
5,5,3,3,93,1
5,5,4,3,94,1
5,5,5,3,95,1
5,5,1,4,96,1
5,5,2,4,97,1
5,5,3,4,98,1
5,5,4,4,99,1
5,5,5,4,100,1
5,6,0,0,101,1
5,7,0,0,102,0.644131139
5,7,0,0,103,0.189146485
5,7,0,0,104,0.166722376
5,8,0,0,105,1
6,1,1,2,1,0.429215581
6,1,2,2,2,0.547381366
6,1,3,2,3,0.321438054
6,1,4,2,4,0.420518749
6,1,5,2,5,0.507441711
6,1,1,2,6,0.313292025
6,1,2,2,7,0.343431638
6,1,3,2,8,0.390997769
6,1,4,2,9,0.377969332
6,1,5,2,10,0.356084673
6,1,1,2,11,0.257492394
6,1,2,2,12,0.109186996
6,1,3,2,13,0.287564177
6,1,4,2,14,0.201511919
6,1,5,2,15,0.136473616
6,1,1,1,16,1
6,1,2,1,17,1
6,1,3,1,18,1
6,1,4,1,19,1
6,1,5,1,20,1
6,1,1,3,16,1
6,1,2,3,17,1
6,1,3,3,18,1
6,1,4,3,19,1
6,1,5,3,20,1
6,1,1,4,16,1
6,1,2,4,17,1
6,1,3,4,18,1
6,1,4,4,19,1
6,1,5,4,20,1
6,2,1,2,21,0.630136726
6,2,2,2,22,0.591289737
6,2,3,2,23,0.507597786
6,2,4,2,24,0.500245293
6,2,5,2,25,0.625275815
6,2,1,2,26,0.074152211
6,2,2,2,27,0.243948029
6,2,3,2,28,0.266330098
6,2,4,2,29,0.305823966
6,2,5,2,30,0.255991977
6,2,1,2,31,0.295711063
6,2,2,2,32,0.164762234
6,2,3,2,33,0.226072115
6,2,4,2,34,0.193930741
6,2,5,2,35,0.118732208
6,2,1,1,36,1
6,2,2,1,37,1
6,2,3,1,38,1
6,2,4,1,39,1
6,2,5,1,40,1
6,2,1,3,36,1
6,2,2,3,37,1
6,2,3,3,38,1
6,2,4,3,39,1
6,2,5,3,40,1
6,2,1,4,36,1
6,2,2,4,37,1
6,2,3,4,38,1
6,2,4,4,39,1
6,2,5,4,40,1
6,3,1,1,41,1
6,3,2,1,42,1
6,3,3,1,43,1
6,3,4,1,44,1
6,3,5,1,45,1
6,3,1,2,46,1
6,3,2,2,47,1
6,3,3,2,48,1
6,3,4,2,49,1
6,3,5,2,50,1
6,3,1,3,51,1
6,3,2,3,52,1
6,3,3,3,53,1
6,3,4,3,54,1
6,3,5,3,55,1
6,3,1,4,56,1
6,3,2,4,57,1
6,3,3,4,58,1
6,3,4,4,59,1
6,3,5,4,60,1
6,4,1,1,61,1
6,4,2,1,62,1
6,4,3,1,63,1
6,4,4,1,64,1
6,4,5,1,65,1
6,4,1,2,66,1
6,4,2,2,67,1
6,4,3,2,68,1
6,4,4,2,69,1
6,4,5,2,70,1
6,4,1,3,71,1
6,4,2,3,72,1
6,4,3,3,73,1
6,4,4,3,74,1
6,4,5,3,75,1
6,4,1,4,76,1
6,4,2,4,77,1
6,4,3,4,78,1
6,4,4,4,79,1
6,4,5,4,80,1
6,5,1,1,81,1
6,5,2,1,82,1
6,5,3,1,83,1
6,5,4,1,84,1
6,5,5,1,85,1
6,5,1,2,86,1
6,5,2,2,87,1
6,5,3,2,88,1
6,5,4,2,89,1
6,5,5,2,90,1
6,5,1,3,91,1
6,5,2,3,92,1
6,5,3,3,93,1
6,5,4,3,94,1
6,5,5,3,95,1
6,5,1,4,96,1
6,5,2,4,97,1
6,5,3,4,98,1
6,5,4,4,99,1
6,5,5,4,100,1
6,6,0,0,101,1
6,7,0,0,102,0.644131139
6,7,0,0,103,0.189146485
6,7,0,0,104,0.166722376
6,8,0,0,105,1
7,1,1,2,1,0.429215581
7,1,2,2,2,0.547381366
7,1,3,2,3,0.321438054
7,1,4,2,4,0.420518749
7,1,5,2,5,0.507441711
7,1,1,2,6,0.313292025
7,1,2,2,7,0.343431638
7,1,3,2,8,0.390997769
7,1,4,2,9,0.377969332
7,1,5,2,10,0.356084673
7,1,1,2,11,0.257492394
7,1,2,2,12,0.109186996
7,1,3,2,13,0.287564177
7,1,4,2,14,0.201511919
7,1,5,2,15,0.136473616
7,1,1,1,16,1
7,1,2,1,17,1
7,1,3,1,18,1
7,1,4,1,19,1
7,1,5,1,20,1
7,1,1,3,16,1
7,1,2,3,17,1
7,1,3,3,18,1
7,1,4,3,19,1
7,1,5,3,20,1
7,1,1,4,16,1
7,1,2,4,17,1
7,1,3,4,18,1
7,1,4,4,19,1
7,1,5,4,20,1
7,2,1,2,21,0.630136726
7,2,2,2,22,0.591289737
7,2,3,2,23,0.507597786
7,2,4,2,24,0.500245293
7,2,5,2,25,0.625275815
7,2,1,2,26,0.074152211
7,2,2,2,27,0.243948029
7,2,3,2,28,0.266330098
7,2,4,2,29,0.305823966
7,2,5,2,30,0.255991977
7,2,1,2,31,0.295711063
7,2,2,2,32,0.164762234
7,2,3,2,33,0.226072115
7,2,4,2,34,0.193930741
7,2,5,2,35,0.118732208
7,2,1,1,36,1
7,2,2,1,37,1
7,2,3,1,38,1
7,2,4,1,39,1
7,2,5,1,40,1
7,2,1,3,36,1
7,2,2,3,37,1
7,2,3,3,38,1
7,2,4,3,39,1
7,2,5,3,40,1
7,2,1,4,36,1
7,2,2,4,37,1
7,2,3,4,38,1
7,2,4,4,39,1
7,2,5,4,40,1
7,3,1,1,41,1
7,3,2,1,42,1
7,3,3,1,43,1
7,3,4,1,44,1
7,3,5,1,45,1
7,3,1,2,46,1
7,3,2,2,47,1
7,3,3,2,48,1
7,3,4,2,49,1
7,3,5,2,50,1
7,3,1,3,51,1
7,3,2,3,52,1
7,3,3,3,53,1
7,3,4,3,54,1
7,3,5,3,55,1
7,3,1,4,56,1
7,3,2,4,57,1
7,3,3,4,58,1
7,3,4,4,59,1
7,3,5,4,60,1
7,4,1,1,61,1
7,4,2,1,62,1
7,4,3,1,63,1
7,4,4,1,64,1
7,4,5,1,65,1
7,4,1,2,66,1
7,4,2,2,67,1
7,4,3,2,68,1
7,4,4,2,69,1
7,4,5,2,70,1
7,4,1,3,71,1
7,4,2,3,72,1
7,4,3,3,73,1
7,4,4,3,74,1
7,4,5,3,75,1
7,4,1,4,76,1
7,4,2,4,77,1
7,4,3,4,78,1
7,4,4,4,79,1
7,4,5,4,80,1
7,5,1,1,81,1
7,5,2,1,82,1
7,5,3,1,83,1
7,5,4,1,84,1
7,5,5,1,85,1
7,5,1,2,86,1
7,5,2,2,87,1
7,5,3,2,88,1
7,5,4,2,89,1
7,5,5,2,90,1
7,5,1,3,91,1
7,5,2,3,92,1
7,5,3,3,93,1
7,5,4,3,94,1
7,5,5,3,95,1
7,5,1,4,96,1
7,5,2,4,97,1
7,5,3,4,98,1
7,5,4,4,99,1
7,5,5,4,100,1
7,6,0,0,101,1
7,7,0,0,102,0.644131139
7,7,0,0,103,0.189146485
7,7,0,0,104,0.166722376
7,8,0,0,105,1
8,1,1,2,1,0.429215581
8,1,2,2,2,0.547381366
8,1,3,2,3,0.321438054
8,1,4,2,4,0.420518749
8,1,5,2,5,0.507441711
8,1,1,2,6,0.313292025
8,1,2,2,7,0.343431638
8,1,3,2,8,0.390997769
8,1,4,2,9,0.377969332
8,1,5,2,10,0.356084673
8,1,1,2,11,0.257492394
8,1,2,2,12,0.109186996
8,1,3,2,13,0.287564177
8,1,4,2,14,0.201511919
8,1,5,2,15,0.136473616
8,1,1,1,16,1
8,1,2,1,17,1
8,1,3,1,18,1
8,1,4,1,19,1
8,1,5,1,20,1
8,1,1,3,16,1
8,1,2,3,17,1
8,1,3,3,18,1
8,1,4,3,19,1
8,1,5,3,20,1
8,1,1,4,16,1
8,1,2,4,17,1
8,1,3,4,18,1
8,1,4,4,19,1
8,1,5,4,20,1
8,2,1,2,21,0.630136726
8,2,2,2,22,0.591289737
8,2,3,2,23,0.507597786
8,2,4,2,24,0.500245293
8,2,5,2,25,0.625275815
8,2,1,2,26,0.074152211
8,2,2,2,27,0.243948029
8,2,3,2,28,0.266330098
8,2,4,2,29,0.305823966
8,2,5,2,30,0.255991977
8,2,1,2,31,0.295711063
8,2,2,2,32,0.164762234
8,2,3,2,33,0.226072115
8,2,4,2,34,0.193930741
8,2,5,2,35,0.118732208
8,2,1,1,36,1
8,2,2,1,37,1
8,2,3,1,38,1
8,2,4,1,39,1
8,2,5,1,40,1
8,2,1,3,36,1
8,2,2,3,37,1
8,2,3,3,38,1
8,2,4,3,39,1
8,2,5,3,40,1
8,2,1,4,36,1
8,2,2,4,37,1
8,2,3,4,38,1
8,2,4,4,39,1
8,2,5,4,40,1
8,3,1,1,41,1
8,3,2,1,42,1
8,3,3,1,43,1
8,3,4,1,44,1
8,3,5,1,45,1
8,3,1,2,46,1
8,3,2,2,47,1
8,3,3,2,48,1
8,3,4,2,49,1
8,3,5,2,50,1
8,3,1,3,51,1
8,3,2,3,52,1
8,3,3,3,53,1
8,3,4,3,54,1
8,3,5,3,55,1
8,3,1,4,56,1
8,3,2,4,57,1
8,3,3,4,58,1
8,3,4,4,59,1
8,3,5,4,60,1
8,4,1,1,61,1
8,4,2,1,62,1
8,4,3,1,63,1
8,4,4,1,64,1
8,4,5,1,65,1
8,4,1,2,66,1
8,4,2,2,67,1
8,4,3,2,68,1
8,4,4,2,69,1
8,4,5,2,70,1
8,4,1,3,71,1
8,4,2,3,72,1
8,4,3,3,73,1
8,4,4,3,74,1
8,4,5,3,75,1
8,4,1,4,76,1
8,4,2,4,77,1
8,4,3,4,78,1
8,4,4,4,79,1
8,4,5,4,80,1
8,5,1,1,81,1
8,5,2,1,82,1
8,5,3,1,83,1
8,5,4,1,84,1
8,5,5,1,85,1
8,5,1,2,86,1
8,5,2,2,87,1
8,5,3,2,88,1
8,5,4,2,89,1
8,5,5,2,90,1
8,5,1,3,91,1
8,5,2,3,92,1
8,5,3,3,93,1
8,5,4,3,94,1
8,5,5,3,95,1
8,5,1,4,96,1
8,5,2,4,97,1
8,5,3,4,98,1
8,5,4,4,99,1
8,5,5,4,100,1
8,6,0,0,101,1
8,7,0,0,102,0.644131139
8,7,0,0,103,0.189146485
8,7,0,0,104,0.166722376
8,8,0,0,105,1
9,1,1,2,1,0.429215581
9,1,2,2,2,0.547381366
9,1,3,2,3,0.321438054
9,1,4,2,4,0.420518749
9,1,5,2,5,0.507441711
9,1,1,2,6,0.313292025
9,1,2,2,7,0.343431638
9,1,3,2,8,0.390997769
9,1,4,2,9,0.377969332
9,1,5,2,10,0.356084673
9,1,1,2,11,0.257492394
9,1,2,2,12,0.109186996
9,1,3,2,13,0.287564177
9,1,4,2,14,0.201511919
9,1,5,2,15,0.136473616
9,1,1,1,16,1
9,1,2,1,17,1
9,1,3,1,18,1
9,1,4,1,19,1
9,1,5,1,20,1
9,1,1,3,16,1
9,1,2,3,17,1
9,1,3,3,18,1
9,1,4,3,19,1
9,1,5,3,20,1
9,1,1,4,16,1
9,1,2,4,17,1
9,1,3,4,18,1
9,1,4,4,19,1
9,1,5,4,20,1
9,2,1,2,21,0.630136726
9,2,2,2,22,0.591289737
9,2,3,2,23,0.507597786
9,2,4,2,24,0.500245293
9,2,5,2,25,0.625275815
9,2,1,2,26,0.074152211
9,2,2,2,27,0.243948029
9,2,3,2,28,0.266330098
9,2,4,2,29,0.305823966
9,2,5,2,30,0.255991977
9,2,1,2,31,0.295711063
9,2,2,2,32,0.164762234
9,2,3,2,33,0.226072115
9,2,4,2,34,0.193930741
9,2,5,2,35,0.118732208
9,2,1,1,36,1
9,2,2,1,37,1
9,2,3,1,38,1
9,2,4,1,39,1
9,2,5,1,40,1
9,2,1,3,36,1
9,2,2,3,37,1
9,2,3,3,38,1
9,2,4,3,39,1
9,2,5,3,40,1
9,2,1,4,36,1
9,2,2,4,37,1
9,2,3,4,38,1
9,2,4,4,39,1
9,2,5,4,40,1
9,3,1,1,41,1
9,3,2,1,42,1
9,3,3,1,43,1
9,3,4,1,44,1
9,3,5,1,45,1
9,3,1,2,46,1
9,3,2,2,47,1
9,3,3,2,48,1
9,3,4,2,49,1
9,3,5,2,50,1
9,3,1,3,51,1
9,3,2,3,52,1
9,3,3,3,53,1
9,3,4,3,54,1
9,3,5,3,55,1
9,3,1,4,56,1
9,3,2,4,57,1
9,3,3,4,58,1
9,3,4,4,59,1
9,3,5,4,60,1
9,4,1,1,61,1
9,4,2,1,62,1
9,4,3,1,63,1
9,4,4,1,64,1
9,4,5,1,65,1
9,4,1,2,66,1
9,4,2,2,67,1
9,4,3,2,68,1
9,4,4,2,69,1
9,4,5,2,70,1
9,4,1,3,71,1
9,4,2,3,72,1
9,4,3,3,73,1
9,4,4,3,74,1
9,4,5,3,75,1
9,4,1,4,76,1
9,4,2,4,77,1
9,4,3,4,78,1
9,4,4,4,79,1
9,4,5,4,80,1
9,5,1,1,81,1
9,5,2,1,82,1
9,5,3,1,83,1
9,5,4,1,84,1
9,5,5,1,85,1
9,5,1,2,86,1
9,5,2,2,87,1
9,5,3,2,88,1
9,5,4,2,89,1
9,5,5,2,90,1
9,5,1,3,91,1
9,5,2,3,92,1
9,5,3,3,93,1
9,5,4,3,94,1
9,5,5,3,95,1
9,5,1,4,96,1
9,5,2,4,97,1
9,5,3,4,98,1
9,5,4,4,99,1
9,5,5,4,100,1
9,6,0,0,101,1
9,7,0,0,102,0.644131139
9,7,0,0,103,0.189146485
9,7,0,0,104,0.166722376
9,8,0,0,105,1
10,1,1,2,1,0.429215581
10,1,2,2,2,0.547381366
10,1,3,2,3,0.321438054
10,1,4,2,4,0.420518749
10,1,5,2,5,0.507441711
10,1,1,2,6,0.313292025
10,1,2,2,7,0.343431638
10,1,3,2,8,0.390997769
10,1,4,2,9,0.377969332
10,1,5,2,10,0.356084673
10,1,1,2,11,0.257492394
10,1,2,2,12,0.109186996
10,1,3,2,13,0.287564177
10,1,4,2,14,0.201511919
10,1,5,2,15,0.136473616
10,1,1,1,16,1
10,1,2,1,17,1
10,1,3,1,18,1
10,1,4,1,19,1
10,1,5,1,20,1
10,1,1,3,16,1
10,1,2,3,17,1
10,1,3,3,18,1
10,1,4,3,19,1
10,1,5,3,20,1
10,1,1,4,16,1
10,1,2,4,17,1
10,1,3,4,18,1
10,1,4,4,19,1
10,1,5,4,20,1
10,2,1,2,21,0.630136726
10,2,2,2,22,0.591289737
10,2,3,2,23,0.507597786
10,2,4,2,24,0.500245293
10,2,5,2,25,0.625275815
10,2,1,2,26,0.074152211
10,2,2,2,27,0.243948029
10,2,3,2,28,0.266330098
10,2,4,2,29,0.305823966
10,2,5,2,30,0.255991977
10,2,1,2,31,0.295711063
10,2,2,2,32,0.164762234
10,2,3,2,33,0.226072115
10,2,4,2,34,0.193930741
10,2,5,2,35,0.118732208
10,2,1,1,36,1
10,2,2,1,37,1
10,2,3,1,38,1
10,2,4,1,39,1
10,2,5,1,40,1
10,2,1,3,36,1
10,2,2,3,37,1
10,2,3,3,38,1
10,2,4,3,39,1
10,2,5,3,40,1
10,2,1,4,36,1
10,2,2,4,37,1
10,2,3,4,38,1
10,2,4,4,39,1
10,2,5,4,40,1
10,3,1,1,41,1
10,3,2,1,42,1
10,3,3,1,43,1
10,3,4,1,44,1
10,3,5,1,45,1
10,3,1,2,46,1
10,3,2,2,47,1
10,3,3,2,48,1
10,3,4,2,49,1
10,3,5,2,50,1
10,3,1,3,51,1
10,3,2,3,52,1
10,3,3,3,53,1
10,3,4,3,54,1
10,3,5,3,55,1
10,3,1,4,56,1
10,3,2,4,57,1
10,3,3,4,58,1
10,3,4,4,59,1
10,3,5,4,60,1
10,4,1,1,61,1
10,4,2,1,62,1
10,4,3,1,63,1
10,4,4,1,64,1
10,4,5,1,65,1
10,4,1,2,66,1
10,4,2,2,67,1
10,4,3,2,68,1
10,4,4,2,69,1
10,4,5,2,70,1
10,4,1,3,71,1
10,4,2,3,72,1
10,4,3,3,73,1
10,4,4,3,74,1
10,4,5,3,75,1
10,4,1,4,76,1
10,4,2,4,77,1
10,4,3,4,78,1
10,4,4,4,79,1
10,4,5,4,80,1
10,5,1,1,81,1
10,5,2,1,82,1
10,5,3,1,83,1
10,5,4,1,84,1
10,5,5,1,85,1
10,5,1,2,86,1
10,5,2,2,87,1
10,5,3,2,88,1
10,5,4,2,89,1
10,5,5,2,90,1
10,5,1,3,91,1
10,5,2,3,92,1
10,5,3,3,93,1
10,5,4,3,94,1
10,5,5,3,95,1
10,5,1,4,96,1
10,5,2,4,97,1
10,5,3,4,98,1
10,5,4,4,99,1
10,5,5,4,100,1
10,6,0,0,101,1
10,7,0,0,102,0.644131139
10,7,0,0,103,0.189146485
10,7,0,0,104,0.166722376
10,8,0,0,105,1
12,1,1,2,1,0.429215581
12,1,2,2,2,0.547381366
12,1,3,2,3,0.321438054
12,1,4,2,4,0.420518749
12,1,5,2,5,0.507441711
12,1,1,2,6,0.313292025
12,1,2,2,7,0.343431638
12,1,3,2,8,0.390997769
12,1,4,2,9,0.377969332
12,1,5,2,10,0.356084673
12,1,1,2,11,0.257492394
12,1,2,2,12,0.109186996
12,1,3,2,13,0.287564177
12,1,4,2,14,0.201511919
12,1,5,2,15,0.136473616
12,1,1,1,16,1
12,1,2,1,17,1
12,1,3,1,18,1
12,1,4,1,19,1
12,1,5,1,20,1
12,1,1,3,16,1
12,1,2,3,17,1
12,1,3,3,18,1
12,1,4,3,19,1
12,1,5,3,20,1
12,1,1,4,16,1
12,1,2,4,17,1
12,1,3,4,18,1
12,1,4,4,19,1
12,1,5,4,20,1
12,2,1,2,21,0.630136726
12,2,2,2,22,0.591289737
12,2,3,2,23,0.507597786
12,2,4,2,24,0.500245293
12,2,5,2,25,0.625275815
12,2,1,2,26,0.074152211
12,2,2,2,27,0.243948029
12,2,3,2,28,0.266330098
12,2,4,2,29,0.305823966
12,2,5,2,30,0.255991977
12,2,1,2,31,0.295711063
12,2,2,2,32,0.164762234
12,2,3,2,33,0.226072115
12,2,4,2,34,0.193930741
12,2,5,2,35,0.118732208
12,2,1,1,36,1
12,2,2,1,37,1
12,2,3,1,38,1
12,2,4,1,39,1
12,2,5,1,40,1
12,2,1,3,36,1
12,2,2,3,37,1
12,2,3,3,38,1
12,2,4,3,39,1
12,2,5,3,40,1
12,2,1,4,36,1
12,2,2,4,37,1
12,2,3,4,38,1
12,2,4,4,39,1
12,2,5,4,40,1
12,3,1,1,41,1
12,3,2,1,42,1
12,3,3,1,43,1
12,3,4,1,44,1
12,3,5,1,45,1
12,3,1,2,46,1
12,3,2,2,47,1
12,3,3,2,48,1
12,3,4,2,49,1
12,3,5,2,50,1
12,3,1,3,51,1
12,3,2,3,52,1
12,3,3,3,53,1
12,3,4,3,54,1
12,3,5,3,55,1
12,3,1,4,56,1
12,3,2,4,57,1
12,3,3,4,58,1
12,3,4,4,59,1
12,3,5,4,60,1
12,4,1,1,61,1
12,4,2,1,62,1
12,4,3,1,63,1
12,4,4,1,64,1
12,4,5,1,65,1
12,4,1,2,66,1
12,4,2,2,67,1
12,4,3,2,68,1
12,4,4,2,69,1
12,4,5,2,70,1
12,4,1,3,71,1
12,4,2,3,72,1
12,4,3,3,73,1
12,4,4,3,74,1
12,4,5,3,75,1
12,4,1,4,76,1
12,4,2,4,77,1
12,4,3,4,78,1
12,4,4,4,79,1
12,4,5,4,80,1
12,5,1,1,81,1
12,5,2,1,82,1
12,5,3,1,83,1
12,5,4,1,84,1
12,5,5,1,85,1
12,5,1,2,86,1
12,5,2,2,87,1
12,5,3,2,88,1
12,5,4,2,89,1
12,5,5,2,90,1
12,5,1,3,91,1
12,5,2,3,92,1
12,5,3,3,93,1
12,5,4,3,94,1
12,5,5,3,95,1
12,5,1,4,96,1
12,5,2,4,97,1
12,5,3,4,98,1
12,5,4,4,99,1
12,5,5,4,100,1
12,6,0,0,101,1
12,7,0,0,102,0.644131139
12,7,0,0,103,0.189146485
12,7,0,0,104,0.166722376
12,8,0,0,105,1
13,1,1,2,1,0.429215581
13,1,2,2,2,0.547381366
13,1,3,2,3,0.321438054
13,1,4,2,4,0.420518749
13,1,5,2,5,0.507441711
13,1,1,2,6,0.313292025
13,1,2,2,7,0.343431638
13,1,3,2,8,0.390997769
13,1,4,2,9,0.377969332
13,1,5,2,10,0.356084673
13,1,1,2,11,0.257492394
13,1,2,2,12,0.109186996
13,1,3,2,13,0.287564177
13,1,4,2,14,0.201511919
13,1,5,2,15,0.136473616
13,1,1,1,16,1
13,1,2,1,17,1
13,1,3,1,18,1
13,1,4,1,19,1
13,1,5,1,20,1
13,1,1,3,16,1
13,1,2,3,17,1
13,1,3,3,18,1
13,1,4,3,19,1
13,1,5,3,20,1
13,1,1,4,16,1
13,1,2,4,17,1
13,1,3,4,18,1
13,1,4,4,19,1
13,1,5,4,20,1
13,2,1,2,21,0.630136726
13,2,2,2,22,0.591289737
13,2,3,2,23,0.507597786
13,2,4,2,24,0.500245293
13,2,5,2,25,0.625275815
13,2,1,2,26,0.074152211
13,2,2,2,27,0.243948029
13,2,3,2,28,0.266330098
13,2,4,2,29,0.305823966
13,2,5,2,30,0.255991977
13,2,1,2,31,0.295711063
13,2,2,2,32,0.164762234
13,2,3,2,33,0.226072115
13,2,4,2,34,0.193930741
13,2,5,2,35,0.118732208
13,2,1,1,36,1
13,2,2,1,37,1
13,2,3,1,38,1
13,2,4,1,39,1
13,2,5,1,40,1
13,2,1,3,36,1
13,2,2,3,37,1
13,2,3,3,38,1
13,2,4,3,39,1
13,2,5,3,40,1
13,2,1,4,36,1
13,2,2,4,37,1
13,2,3,4,38,1
13,2,4,4,39,1
13,2,5,4,40,1
13,3,1,1,41,1
13,3,2,1,42,1
13,3,3,1,43,1
13,3,4,1,44,1
13,3,5,1,45,1
13,3,1,2,46,1
13,3,2,2,47,1
13,3,3,2,48,1
13,3,4,2,49,1
13,3,5,2,50,1
13,3,1,3,51,1
13,3,2,3,52,1
13,3,3,3,53,1
13,3,4,3,54,1
13,3,5,3,55,1
13,3,1,4,56,1
13,3,2,4,57,1
13,3,3,4,58,1
13,3,4,4,59,1
13,3,5,4,60,1
13,4,1,1,61,1
13,4,2,1,62,1
13,4,3,1,63,1
13,4,4,1,64,1
13,4,5,1,65,1
13,4,1,2,66,1
13,4,2,2,67,1
13,4,3,2,68,1
13,4,4,2,69,1
13,4,5,2,70,1
13,4,1,3,71,1
13,4,2,3,72,1
13,4,3,3,73,1
13,4,4,3,74,1
13,4,5,3,75,1
13,4,1,4,76,1
13,4,2,4,77,1
13,4,3,4,78,1
13,4,4,4,79,1
13,4,5,4,80,1
13,5,1,1,81,1
13,5,2,1,82,1
13,5,3,1,83,1
13,5,4,1,84,1
13,5,5,1,85,1
13,5,1,2,86,1
13,5,2,2,87,1
13,5,3,2,88,1
13,5,4,2,89,1
13,5,5,2,90,1
13,5,1,3,91,1
13,5,2,3,92,1
13,5,3,3,93,1
13,5,4,3,94,1
13,5,5,3,95,1
13,5,1,4,96,1
13,5,2,4,97,1
13,5,3,4,98,1
13,5,4,4,99,1
13,5,5,4,100,1
13,6,0,0,101,1
13,7,0,0,102,0.644131139
13,7,0,0,103,0.189146485
13,7,0,0,104,0.166722376
13,8,0,0,105,1
14,1,1,2,1,0.429215581
14,1,2,2,2,0.547381366
14,1,3,2,3,0.321438054
14,1,4,2,4,0.420518749
14,1,5,2,5,0.507441711
14,1,1,2,6,0.313292025
14,1,2,2,7,0.343431638
14,1,3,2,8,0.390997769
14,1,4,2,9,0.377969332
14,1,5,2,10,0.356084673
14,1,1,2,11,0.257492394
14,1,2,2,12,0.109186996
14,1,3,2,13,0.287564177
14,1,4,2,14,0.201511919
14,1,5,2,15,0.136473616
14,1,1,1,16,1
14,1,2,1,17,1
14,1,3,1,18,1
14,1,4,1,19,1
14,1,5,1,20,1
14,1,1,3,16,1
14,1,2,3,17,1
14,1,3,3,18,1
14,1,4,3,19,1
14,1,5,3,20,1
14,1,1,4,16,1
14,1,2,4,17,1
14,1,3,4,18,1
14,1,4,4,19,1
14,1,5,4,20,1
14,2,1,2,21,0.630136726
14,2,2,2,22,0.591289737
14,2,3,2,23,0.507597786
14,2,4,2,24,0.500245293
14,2,5,2,25,0.625275815
14,2,1,2,26,0.074152211
14,2,2,2,27,0.243948029
14,2,3,2,28,0.266330098
14,2,4,2,29,0.305823966
14,2,5,2,30,0.255991977
14,2,1,2,31,0.295711063
14,2,2,2,32,0.164762234
14,2,3,2,33,0.226072115
14,2,4,2,34,0.193930741
14,2,5,2,35,0.118732208
14,2,1,1,36,1
14,2,2,1,37,1
14,2,3,1,38,1
14,2,4,1,39,1
14,2,5,1,40,1
14,2,1,3,36,1
14,2,2,3,37,1
14,2,3,3,38,1
14,2,4,3,39,1
14,2,5,3,40,1
14,2,1,4,36,1
14,2,2,4,37,1
14,2,3,4,38,1
14,2,4,4,39,1
14,2,5,4,40,1
14,3,1,1,41,1
14,3,2,1,42,1
14,3,3,1,43,1
14,3,4,1,44,1
14,3,5,1,45,1
14,3,1,2,46,1
14,3,2,2,47,1
14,3,3,2,48,1
14,3,4,2,49,1
14,3,5,2,50,1
14,3,1,3,51,1
14,3,2,3,52,1
14,3,3,3,53,1
14,3,4,3,54,1
14,3,5,3,55,1
14,3,1,4,56,1
14,3,2,4,57,1
14,3,3,4,58,1
14,3,4,4,59,1
14,3,5,4,60,1
14,4,1,1,61,1
14,4,2,1,62,1
14,4,3,1,63,1
14,4,4,1,64,1
14,4,5,1,65,1
14,4,1,2,66,1
14,4,2,2,67,1
14,4,3,2,68,1
14,4,4,2,69,1
14,4,5,2,70,1
14,4,1,3,71,1
14,4,2,3,72,1
14,4,3,3,73,1
14,4,4,3,74,1
14,4,5,3,75,1
14,4,1,4,76,1
14,4,2,4,77,1
14,4,3,4,78,1
14,4,4,4,79,1
14,4,5,4,80,1
14,5,1,1,81,1
14,5,2,1,82,1
14,5,3,1,83,1
14,5,4,1,84,1
14,5,5,1,85,1
14,5,1,2,86,1
14,5,2,2,87,1
14,5,3,2,88,1
14,5,4,2,89,1
14,5,5,2,90,1
14,5,1,3,91,1
14,5,2,3,92,1
14,5,3,3,93,1
14,5,4,3,94,1
14,5,5,3,95,1
14,5,1,4,96,1
14,5,2,4,97,1
14,5,3,4,98,1
14,5,4,4,99,1
14,5,5,4,100,1
14,6,0,0,101,1
14,7,0,0,102,0.644131139
14,7,0,0,103,0.189146485
14,7,0,0,104,0.166722376
14,8,0,0,105,1
16,1,1,2,1,0.429215581
16,1,2,2,2,0.547381366
16,1,3,2,3,0.321438054
16,1,4,2,4,0.420518749
16,1,5,2,5,0.507441711
16,1,1,2,6,0.313292025
16,1,2,2,7,0.343431638
16,1,3,2,8,0.390997769
16,1,4,2,9,0.377969332
16,1,5,2,10,0.356084673
16,1,1,2,11,0.257492394
16,1,2,2,12,0.109186996
16,1,3,2,13,0.287564177
16,1,4,2,14,0.201511919
16,1,5,2,15,0.136473616
16,1,1,1,16,1
16,1,2,1,17,1
16,1,3,1,18,1
16,1,4,1,19,1
16,1,5,1,20,1
16,1,1,3,16,1
16,1,2,3,17,1
16,1,3,3,18,1
16,1,4,3,19,1
16,1,5,3,20,1
16,1,1,4,16,1
16,1,2,4,17,1
16,1,3,4,18,1
16,1,4,4,19,1
16,1,5,4,20,1
16,2,1,2,21,0.630136726
16,2,2,2,22,0.591289737
16,2,3,2,23,0.507597786
16,2,4,2,24,0.500245293
16,2,5,2,25,0.625275815
16,2,1,2,26,0.074152211
16,2,2,2,27,0.243948029
16,2,3,2,28,0.266330098
16,2,4,2,29,0.305823966
16,2,5,2,30,0.255991977
16,2,1,2,31,0.295711063
16,2,2,2,32,0.164762234
16,2,3,2,33,0.226072115
16,2,4,2,34,0.193930741
16,2,5,2,35,0.118732208
16,2,1,1,36,1
16,2,2,1,37,1
16,2,3,1,38,1
16,2,4,1,39,1
16,2,5,1,40,1
16,2,1,3,36,1
16,2,2,3,37,1
16,2,3,3,38,1
16,2,4,3,39,1
16,2,5,3,40,1
16,2,1,4,36,1
16,2,2,4,37,1
16,2,3,4,38,1
16,2,4,4,39,1
16,2,5,4,40,1
16,3,1,1,41,1
16,3,2,1,42,1
16,3,3,1,43,1
16,3,4,1,44,1
16,3,5,1,45,1
16,3,1,2,46,1
16,3,2,2,47,1
16,3,3,2,48,1
16,3,4,2,49,1
16,3,5,2,50,1
16,3,1,3,51,1
16,3,2,3,52,1
16,3,3,3,53,1
16,3,4,3,54,1
16,3,5,3,55,1
16,3,1,4,56,1
16,3,2,4,57,1
16,3,3,4,58,1
16,3,4,4,59,1
16,3,5,4,60,1
16,4,1,1,61,1
16,4,2,1,62,1
16,4,3,1,63,1
16,4,4,1,64,1
16,4,5,1,65,1
16,4,1,2,66,1
16,4,2,2,67,1
16,4,3,2,68,1
16,4,4,2,69,1
16,4,5,2,70,1
16,4,1,3,71,1
16,4,2,3,72,1
16,4,3,3,73,1
16,4,4,3,74,1
16,4,5,3,75,1
16,4,1,4,76,1
16,4,2,4,77,1
16,4,3,4,78,1
16,4,4,4,79,1
16,4,5,4,80,1
16,5,1,1,81,1
16,5,2,1,82,1
16,5,3,1,83,1
16,5,4,1,84,1
16,5,5,1,85,1
16,5,1,2,86,1
16,5,2,2,87,1
16,5,3,2,88,1
16,5,4,2,89,1
16,5,5,2,90,1
16,5,1,3,91,1
16,5,2,3,92,1
16,5,3,3,93,1
16,5,4,3,94,1
16,5,5,3,95,1
16,5,1,4,96,1
16,5,2,4,97,1
16,5,3,4,98,1
16,5,4,4,99,1
16,5,5,4,100,1
16,6,0,0,101,1
16,7,0,0,102,0.644131139
16,7,0,0,103,0.189146485
16,7,0,0,104,0.166722376
16,8,0,0,105,1
17,1,1,2,1,0.429215581
17,1,2,2,2,0.547381366
17,1,3,2,3,0.321438054
17,1,4,2,4,0.420518749
17,1,5,2,5,0.507441711
17,1,1,2,6,0.313292025
17,1,2,2,7,0.343431638
17,1,3,2,8,0.390997769
17,1,4,2,9,0.377969332
17,1,5,2,10,0.356084673
17,1,1,2,11,0.257492394
17,1,2,2,12,0.109186996
17,1,3,2,13,0.287564177
17,1,4,2,14,0.201511919
17,1,5,2,15,0.136473616
17,1,1,1,16,1
17,1,2,1,17,1
17,1,3,1,18,1
17,1,4,1,19,1
17,1,5,1,20,1
17,1,1,3,16,1
17,1,2,3,17,1
17,1,3,3,18,1
17,1,4,3,19,1
17,1,5,3,20,1
17,1,1,4,16,1
17,1,2,4,17,1
17,1,3,4,18,1
17,1,4,4,19,1
17,1,5,4,20,1
17,2,1,2,21,0.630136726
17,2,2,2,22,0.591289737
17,2,3,2,23,0.507597786
17,2,4,2,24,0.500245293
17,2,5,2,25,0.625275815
17,2,1,2,26,0.074152211
17,2,2,2,27,0.243948029
17,2,3,2,28,0.266330098
17,2,4,2,29,0.305823966
17,2,5,2,30,0.255991977
17,2,1,2,31,0.295711063
17,2,2,2,32,0.164762234
17,2,3,2,33,0.226072115
17,2,4,2,34,0.193930741
17,2,5,2,35,0.118732208
17,2,1,1,36,1
17,2,2,1,37,1
17,2,3,1,38,1
17,2,4,1,39,1
17,2,5,1,40,1
17,2,1,3,36,1
17,2,2,3,37,1
17,2,3,3,38,1
17,2,4,3,39,1
17,2,5,3,40,1
17,2,1,4,36,1
17,2,2,4,37,1
17,2,3,4,38,1
17,2,4,4,39,1
17,2,5,4,40,1
17,3,1,1,41,1
17,3,2,1,42,1
17,3,3,1,43,1
17,3,4,1,44,1
17,3,5,1,45,1
17,3,1,2,46,1
17,3,2,2,47,1
17,3,3,2,48,1
17,3,4,2,49,1
17,3,5,2,50,1
17,3,1,3,51,1
17,3,2,3,52,1
17,3,3,3,53,1
17,3,4,3,54,1
17,3,5,3,55,1
17,3,1,4,56,1
17,3,2,4,57,1
17,3,3,4,58,1
17,3,4,4,59,1
17,3,5,4,60,1
17,4,1,1,61,1
17,4,2,1,62,1
17,4,3,1,63,1
17,4,4,1,64,1
17,4,5,1,65,1
17,4,1,2,66,1
17,4,2,2,67,1
17,4,3,2,68,1
17,4,4,2,69,1
17,4,5,2,70,1
17,4,1,3,71,1
17,4,2,3,72,1
17,4,3,3,73,1
17,4,4,3,74,1
17,4,5,3,75,1
17,4,1,4,76,1
17,4,2,4,77,1
17,4,3,4,78,1
17,4,4,4,79,1
17,4,5,4,80,1
17,5,1,1,81,1
17,5,2,1,82,1
17,5,3,1,83,1
17,5,4,1,84,1
17,5,5,1,85,1
17,5,1,2,86,1
17,5,2,2,87,1
17,5,3,2,88,1
17,5,4,2,89,1
17,5,5,2,90,1
17,5,1,3,91,1
17,5,2,3,92,1
17,5,3,3,93,1
17,5,4,3,94,1
17,5,5,3,95,1
17,5,1,4,96,1
17,5,2,4,97,1
17,5,3,4,98,1
17,5,4,4,99,1
17,5,5,4,100,1
17,6,0,0,101,1
17,7,0,0,102,0.644131139
17,7,0,0,103,0.189146485
17,7,0,0,104,0.166722376
17,8,0,0,105,1
